category,importance
TXT,0.018775472745471283
LING,0.015799025185429277
COMP,0.011051590433384497
SEM,0.01042369816795089
TEMP,0.008825985554407747
INFO,0.00508840391087859
INTENT,0.0032847697413932457
TASK,0.002709941854527067
