feature,estimate,std_error,p_value
Intercept,2.451811438576114,0.0846185859187934,1.364893622967093e-184
participant_id Var,2.033843013901321,0.33378818289940987,1.1066557918445934e-09
QL_char,0.006715968838191059,0.0029949678411726934,0.024934390194057125
QL_tokens,0.016467771401954035,0.012262058563339204,0.1792765488674246
