feature,estimate,std_error,p_value
Intercept,2.5380480731551867,0.07965030201393616,8.187473922437814e-223
query_id Var,0.08513975144090959,0.017341104882185505,9.121237394376114e-07
QL_char,0.01362396687592759,0.00669333051534123,0.041805204993515116
QL_tokens,-0.020557462149225266,0.0273477789895151,0.4522284841215406
