feature,estimate,std_error,p_value
needs_health_data,-0.1880021468688924,0.0581066509443976,0.0012144395734165
expected_answer_length,0.3754388492572323,0.1180780577037995,0.0014748770961086
planning_horizon,0.0677006584362109,0.0238395620991843,0.0045135475659415
time_window_length,0.0630864340070712,0.0225626719057047,0.0051730862777307
task_family,-0.0360470668805209,0.013210208793403,0.0063579117943586
requires_personal_history,0.2090882451190227,0.080331923508257,0.0092464821032297
